The Forgotten Kingdom,Jessica Martin,978-0-385-53142-2,-99
The Endless Night,Victoria King,978-1-891830-99-6,-99
Rise of the Phoenix,Matthew Brown,978-0-7432-7360-2,Jennifer Young
Into the Wilderness,Chris Green,978-0-452-28423-4,-99
Through the Storm,Charles White,978-0-14-028327-3,Elizabeth Lee
The Last Battle,Katherine Moore,978-0-7432-7357-5,Thomas Hall
The Silent Observer,Kate Black,978-1-891830-85-3,Paul King
Mystery of the Lake,Jane White,978-0-316-31661-7,Susan Davis
The Great Adventure,John Doe,978-3-16-148410-0,-99
Whispers of the Wind,George Harris,978-0-7432-7359-9,Ivan
City of Light,Emily Johnson,978-1-4028-9465-7,-99
Whispers in the Dark,George White,978-1-4012-3230-7,Joseph Allen
The Silver Key,Patricia Young,978-0-307-71680-1,James King
Fate's Call,Emily Miller,978-1-4028-9467-1,-99
The Dreamer’s Journey,Oscar King,978-1-4028-9463-3,Tom Garcia
The Haunted Ship,Isabella Brown,978-1-4165-1776-8,-99
Shadows of Tomorrow,Andrew Lee,978-1-4165-1776-9,Emily Moore
Shadows of the Past,Katherine Brown,978-0-307-71684-4,Lucas White
Rising Dawn,Grace Miller,978-0-307-71682-5,-99
Rise of the Titan,Paul Walker,978-1-891830-90-7,-99
The Golden Light,Charles Scott,978-0-06-112246-2,-99
The Last Horizon,Susan Lee,978-1-4165-1778-3,Michael White
Time of Reckoning,Daniel Johnson,978-0-307-71679-5,Charlotte Nelson
The Keeper’s Secret,Matthew Clark,978-0-385-53141-9,Lucas Young
Beneath the Stars,Samuel Harris,978-0-06-112245-5,-99
Legends of the Sea,Lauren Miller,978-0-14-028328-0,-99
The Lost World,Michael Brown,978-0-7432-7356-5,-99
Tides of Change,Linda King,978-0-7432-7358-3,James Lee
Tales of the Unknown,Richard Davis,978-0-7432-7356-6,William Scott
The Last Hope,Jennifer Miller,978-0-14-312854-3,Jessica Martinez
Return to Paradise,Victoria Evans,978-1-4012-3231-4,-99
Journey to the Center,Oscar Clark,978-0-385-53143-9,-99
Worlds Beyond the Stars,Henry Smith,978-0-525-92887-9,-99
The Fallen Empire,Grace Johnson,978-1-4028-9466-4,-99
Journey Through Time,Alice Smith,978-1-4028-9462-6,John Johnson
Secrets Unveiled,Emily Clark,978-1-4028-9462-7,-99
Kingdoms of Ice,Henry Harris,978-1-4028-9464-0,Julia Scott
Into the Void,Rebecca Lewis,978-1-4165-1777-6,-99
Atomic Habit,James Clear,978-1-4165-1779-9,-99
The Crystal Tower,Sarah Brown,978-0-307-71681-5,-99
The Dark Sky,Daniel Smith,978-0-307-71683-3,Robert Martinez
The Red Phoenix,Linda Harris,978-0-06-112241-6,-99
The Enchanted Forest,Martin Scott,978-1-891830-95-2,Linda Anderson
The Shifting Sands,David Harris,978-0-06-112241-5,Michael Moore
End of Days,Matthew Harris,978-0-06-112247-1,-99
Beneath the Surface,Olivia Adams,978-0-06-112243-0,-99
The Final Countdown,David Brown,978-1-891830-97-4,-99
A Walk in the Woods,Patricia Clark,978-0-307-71678-5,-99
The Shadow's Edge,Samuel Clark,978-1-891830-91-8,-99
Eyes of the Hunter,Rebecca White,978-1-4165-1779-0,Ivan
